{
    "R": [
        [
            0.9991524551191003,
            -0.023328191228163056,
            0.03391411097900954
        ],
        [
            0.030088224977895244,
            -0.1483451096620699,
            -0.9884778334171325
        ],
        [
            0.028090392435028522,
            0.9886604694905984,
            -0.1475174766577689
        ]
    ],
    "t": [
        0.011358415707945824,
        0.4562208354473114,
        -1.2103662490844727
    ]
}